1, ذ, 1 
1, ص, 2 
1, ق, 1 
1, غ, 2 
1, ع, 6 
1, ه, 5 
1, ح, 5 
1, د, 4 
1, س, 3 
1, ي, 14 
1, ب, 4 
1, ل, 22 
1, ا, 26 
1, ت, 3 
1, ن, 11 
1, م, 15 
1, ك, 3 
1, ط, 2 
1, ر, 8 
1, و, 4 
1, ض, 2 
2, ذ, 330 
2, ص, 155 
2, ث, 128 
2, ق, 553 
2, ف, 751 
2, غ, 75 
2, ع, 797 
2, ه, 1413 
2, خ, 191 
2, ح, 328 
2, ج, 200 
2, د, 458 
2, ش, 168 
2, س, 451 
2, ي, 1596 
2, ب, 918 
2, ل, 3201 
2, ا, 4720 
2, ت, 970 
2, ن, 2019 
2, م, 2192 
2, ك, 832 
2, ط, 99 
2, ئ, 92 
2, ء, 118 
2, ؤ, 56 
2, ر, 874 
2, ى, 208 
2, و, 2057 
2, ز, 107 
2, ظ, 62 
2, ض, 133 
3, ذ, 218 
3, ص, 88 
3, ث, 52 
3, ق, 306 
3, ف, 396 
3, غ, 62 
3, ع, 383 
3, ه, 767 
3, خ, 104 
3, ح, 171 
3, ج, 93 
3, د, 252 
3, ش, 86 
3, س, 227 
3, ي, 998 
3, ب, 574 
3, ل, 1892 
3, ا, 2661 
3, ت, 554 
3, ن, 1232 
3, م, 1246 
3, ك, 485 
3, ط, 50 
3, ئ, 64 
3, ء, 64 
3, ؤ, 43 
3, ر, 508 
3, ى, 95 
3, و, 1147 
3, ز, 67 
3, ظ, 36 
3, ض, 66 
4, ذ, 181 
4, ص, 122 
4, ث, 75 
4, ق, 255 
4, ف, 503 
4, غ, 62 
4, ع, 404 
4, ه, 883 
4, خ, 128 
4, ح, 196 
4, ج, 136 
4, د, 301 
4, ش, 82 
4, س, 306 
4, ي, 1123 
4, ب, 478 
4, ل, 1962 
4, ا, 3009 
4, ت, 561 
4, ن, 1334 
4, م, 1303 
4, ك, 582 
4, ط, 65 
4, ئ, 56 
4, ء, 67 
4, ؤ, 59 
4, ر, 489 
4, ى, 119 
4, و, 1297 
4, ز, 51 
4, ظ, 45 
4, ض, 101 
5, ذ, 182 
5, ص, 74 
5, ث, 59 
5, ق, 265 
5, ف, 291 
5, غ, 47 
5, ع, 338 
5, ه, 617 
5, خ, 85 
5, ح, 171 
5, ج, 93 
5, د, 231 
5, ش, 63 
5, س, 214 
5, ي, 844 
5, ب, 394 
5, ل, 1460 
5, ا, 2299 
5, ت, 392 
5, ن, 974 
5, م, 1039 
5, ك, 384 
5, ط, 52 
5, ئ, 45 
5, ء, 59 
5, ؤ, 26 
5, ر, 379 
5, ى, 82 
5, و, 919 
5, ز, 57 
5, ظ, 18 
5, ض, 53 
6, ذ, 207 
6, ص, 69 
6, ث, 58 
6, ق, 271 
6, ف, 294 
6, غ, 50 
6, ع, 369 
6, ه, 679 
6, خ, 75 
6, ح, 160 
6, ج, 117 
6, د, 199 
6, ش, 132 
6, س, 212 
6, ي, 849 
6, ب, 453 
6, ل, 1448 
6, ا, 2162 
6, ت, 404 
6, ن, 1010 
6, م, 1058 
6, ك, 468 
6, ط, 52 
6, ئ, 35 
6, ء, 79 
6, ؤ, 32 
6, ر, 504 
6, ى, 112 
6, و, 989 
6, ز, 66 
6, ظ, 48 
6, ض, 66 
7, ذ, 229 
7, ص, 97 
7, ث, 61 
7, ق, 356 
7, ف, 357 
7, غ, 67 
7, ع, 400 
7, ه, 733 
7, خ, 129 
7, ح, 164 
7, ج, 165 
7, د, 246 
7, ش, 83 
7, س, 299 
7, ي, 874 
7, ب, 508 
7, ل, 1527 
7, ا, 2651 
7, ت, 466 
7, ن, 1303 
7, م, 1161 
7, ك, 466 
7, ط, 56 
7, ئ, 53 
7, ء, 74 
7, ؤ, 28 
7, ر, 532 
7, ى, 107 
7, و, 1097 
7, ز, 41 
7, ظ, 43 
7, ض, 62 
8, ذ, 95 
8, ص, 29 
8, ث, 18 
8, ق, 109 
8, ف, 153 
8, غ, 25 
8, ع, 162 
8, ه, 289 
8, خ, 34 
8, ح, 52 
8, ج, 38 
8, د, 87 
8, ش, 27 
8, س, 70 
8, ي, 388 
8, ب, 173 
8, ل, 653 
8, ا, 894 
8, ت, 161 
8, ن, 437 
8, م, 455 
8, ك, 200 
8, ط, 22 
8, ئ, 25 
8, ء, 22 
8, ؤ, 14 
8, ر, 185 
8, ى, 37 
8, و, 474 
8, ز, 23 
8, ظ, 8 
8, ض, 27 
9, ذ, 145 
9, ص, 63 
9, ث, 31 
9, ق, 216 
9, ف, 308 
9, غ, 37 
9, ع, 313 
9, ه, 739 
9, خ, 86 
9, ح, 138 
9, ج, 102 
9, د, 207 
9, ش, 49 
9, س, 194 
9, ي, 707 
9, ب, 350 
9, ل, 1347 
9, ا, 1901 
9, ت, 307 
9, ن, 878 
9, م, 964 
9, ك, 301 
9, ط, 34 
9, ئ, 32 
9, ء, 23 
9, ؤ, 46 
9, ر, 412 
9, ى, 68 
9, و, 973 
9, ز, 55 
9, ظ, 29 
9, ض, 61 
10, ذ, 115 
10, ص, 32 
10, ث, 30 
10, ق, 181 
10, ف, 216 
10, غ, 20 
10, ع, 211 
10, ه, 352 
10, خ, 40 
10, ح, 98 
10, ج, 83 
10, د, 126 
10, ش, 42 
10, س, 129 
10, ي, 513 
10, ب, 238 
10, ل, 912 
10, ا, 1356 
10, ت, 253 
10, ن, 689 
10, م, 651 
10, ك, 260 
10, ط, 17 
10, ئ, 26 
10, ء, 39 
10, ؤ, 22 
10, ر, 255 
10, ى, 61 
10, و, 522 
10, ز, 26 
10, ظ, 32 
10, ض, 43 
11, ذ, 96 
11, ص, 60 
11, ث, 32 
11, ق, 180 
11, ف, 186 
11, غ, 34 
11, ع, 244 
11, ه, 384 
11, خ, 57 
11, ح, 86 
11, ج, 79 
11, د, 146 
11, ش, 43 
11, س, 122 
11, ي, 564 
11, ب, 283 
11, ل, 793 
11, ا, 1423 
11, ت, 235 
11, ن, 634 
11, م, 699 
11, ك, 256 
11, ط, 28 
11, ئ, 26 
11, ء, 49 
11, ؤ, 18 
11, ر, 323 
11, ى, 57 
11, و, 592 
11, ز, 35 
11, ظ, 24 
11, ض, 32 
12, ذ, 81 
12, ص, 61 
12, ث, 29 
12, ق, 193 
12, ف, 198 
12, غ, 28 
12, ع, 218 
12, ه, 384 
12, خ, 71 
12, ح, 101 
12, ج, 80 
12, د, 141 
12, ش, 42 
12, س, 166 
12, ي, 539 
12, ب, 269 
12, ل, 809 
12, ا, 1385 
12, ت, 229 
12, ن, 632 
12, م, 488 
12, ك, 219 
12, ط, 19 
12, ئ, 23 
12, ء, 29 
12, ؤ, 17 
12, ر, 255 
12, ى, 46 
12, و, 475 
12, ز, 34 
12, ظ, 14 
12, ض, 32 
13, ذ, 47 
13, ص, 20 
13, ث, 16 
13, ق, 87 
13, ف, 81 
13, غ, 15 
13, ع, 99 
13, ه, 200 
13, خ, 23 
13, ح, 42 
13, ج, 35 
13, د, 77 
13, ش, 22 
13, س, 70 
13, ي, 230 
13, ب, 151 
13, ل, 478 
13, ا, 625 
13, ت, 94 
13, ن, 229 
13, م, 257 
13, ك, 104 
13, ط, 12 
13, ئ, 22 
13, ء, 27 
13, ؤ, 2 
13, ر, 135 
13, ى, 23 
13, و, 272 
13, ز, 21 
13, ظ, 6 
13, ض, 24 
14, ذ, 53 
14, ص, 24 
14, ث, 17 
14, ق, 57 
14, ف, 83 
14, غ, 13 
14, ع, 95 
14, ه, 159 
14, خ, 31 
14, ح, 33 
14, ج, 34 
14, د, 73 
14, ش, 25 
14, س, 76 
14, ي, 231 
14, ب, 134 
14, ل, 449 
14, ا, 615 
14, ت, 113 
14, ن, 277 
14, م, 303 
14, ك, 113 
14, ط, 11 
14, ئ, 10 
14, ء, 22 
14, ؤ, 7 
14, ر, 158 
14, ى, 26 
14, و, 244 
14, ز, 21 
14, ظ, 11 
14, ض, 22 
15, ذ, 22 
15, ص, 23 
15, ث, 4 
15, ق, 83 
15, ف, 64 
15, غ, 8 
15, ع, 80 
15, ه, 114 
15, خ, 24 
15, ح, 42 
15, ج, 43 
15, د, 41 
15, ش, 16 
15, س, 66 
15, ي, 194 
15, ب, 100 
15, ل, 320 
15, ا, 527 
15, ت, 73 
15, ن, 319 
15, م, 254 
15, ك, 85 
15, ط, 11 
15, ئ, 8 
15, ء, 13 
15, ؤ, 9 
15, ر, 94 
15, ى, 12 
15, و, 192 
15, ز, 19 
15, ظ, 9 
15, ض, 14 
16, ذ, 122 
16, ص, 33 
16, ث, 45 
16, ق, 131 
16, ف, 193 
16, غ, 23 
16, ع, 230 
16, ه, 444 
16, خ, 72 
16, ح, 89 
16, ج, 71 
16, د, 123 
16, ش, 64 
16, س, 138 
16, ي, 504 
16, ب, 269 
16, ل, 986 
16, ا, 1294 
16, ت, 239 
16, ن, 643 
16, م, 685 
16, ك, 263 
16, ط, 25 
16, ئ, 26 
16, ء, 38 
16, ؤ, 20 
16, ر, 287 
16, ى, 64 
16, و, 612 
16, ز, 45 
16, ظ, 22 
16, ض, 32 
17, ذ, 87 
17, ص, 31 
17, ث, 27 
17, ق, 155 
17, ف, 168 
17, غ, 21 
17, ع, 187 
17, ه, 278 
17, خ, 61 
17, ح, 88 
17, ج, 85 
17, د, 143 
17, ش, 42 
17, س, 147 
17, ي, 401 
17, ب, 258 
17, ل, 748 
17, ا, 1246 
17, ت, 202 
17, ن, 530 
17, م, 441 
17, ك, 258 
17, ط, 29 
17, ئ, 25 
17, ء, 26 
17, ؤ, 23 
17, ر, 299 
17, ى, 59 
17, و, 480 
17, ز, 38 
17, ظ, 16 
17, ض, 44 
18, ذ, 106 
18, ص, 45 
18, ث, 41 
18, ق, 151 
18, ف, 174 
18, غ, 36 
18, ع, 206 
18, ه, 364 
18, خ, 49 
18, ح, 105 
18, ج, 89 
18, د, 170 
18, ش, 47 
18, س, 123 
18, ي, 395 
18, ب, 271 
18, ل, 659 
18, ا, 1201 
18, ت, 225 
18, ن, 508 
18, م, 490 
18, ك, 173 
18, ط, 39 
18, ئ, 32 
18, ء, 29 
18, ؤ, 11 
18, ر, 275 
18, ى, 54 
18, و, 403 
18, ز, 33 
18, ظ, 17 
18, ض, 31 
19, ذ, 54 
19, ص, 26 
19, ث, 19 
19, ق, 86 
19, ف, 75 
19, غ, 16 
19, ع, 117 
19, ه, 175 
19, خ, 31 
19, ح, 63 
19, ج, 42 
19, د, 98 
19, ش, 35 
19, س, 65 
19, ي, 312 
19, ب, 154 
19, ل, 385 
19, ا, 748 
19, ت, 142 
19, ن, 340 
19, م, 287 
19, ك, 137 
19, ط, 13 
19, ئ, 16 
19, ء, 5 
19, ؤ, 2 
19, ر, 167 
19, ى, 22 
19, و, 262 
19, ز, 19 
19, ظ, 5 
19, ض, 17 
20, ذ, 65 
20, ص, 35 
20, ث, 23 
20, ق, 162 
20, ف, 184 
20, غ, 17 
20, ع, 172 
20, ه, 250 
20, خ, 59 
20, ح, 75 
20, ج, 63 
20, د, 103 
20, ش, 32 
20, س, 119 
20, ي, 362 
20, ب, 179 
20, ل, 584 
20, ا, 972 
20, ت, 184 
20, ن, 398 
20, م, 376 
20, ك, 180 
20, ط, 28 
20, ئ, 12 
20, ء, 13 
20, ؤ, 6 
20, ر, 210 
20, ى, 126 
20, و, 340 
20, ز, 30 
20, ظ, 5 
20, ض, 35 
21, ذ, 76 
21, ص, 32 
21, ث, 13 
21, ق, 105 
21, ف, 145 
21, غ, 14 
21, ع, 150 
21, ه, 298 
21, خ, 34 
21, ح, 75 
21, ج, 54 
21, د, 97 
21, ش, 29 
21, س, 99 
21, ي, 294 
21, ب, 161 
21, ل, 541 
21, ا, 935 
21, ت, 157 
21, ن, 511 
21, م, 397 
21, ك, 156 
21, ط, 17 
21, ئ, 10 
21, ء, 19 
21, ؤ, 11 
21, ر, 188 
21, ى, 30 
21, و, 386 
21, ز, 17 
21, ظ, 17 
21, ض, 26 
22, ذ, 89 
22, ص, 43 
22, ث, 27 
22, ق, 98 
22, ف, 142 
22, غ, 14 
22, ع, 164 
22, ه, 321 
22, خ, 40 
22, ح, 57 
22, ج, 55 
22, د, 96 
22, ش, 34 
22, س, 94 
22, ي, 406 
22, ب, 178 
22, ل, 689 
22, ا, 905 
22, ت, 134 
22, ن, 388 
22, م, 421 
22, ك, 154 
22, ط, 30 
22, ئ, 18 
22, ء, 15 
22, ؤ, 6 
22, ر, 202 
22, ى, 49 
22, و, 379 
22, ز, 26 
22, ظ, 13 
22, ض, 27 
23, ذ, 72 
23, ص, 20 
23, ث, 31 
23, ق, 109 
23, ف, 135 
23, غ, 18 
23, ع, 129 
23, ه, 245 
23, خ, 49 
23, ح, 61 
23, ج, 39 
23, د, 60 
23, ش, 29 
23, س, 66 
23, ي, 245 
23, ب, 166 
23, ل, 468 
23, ا, 789 
23, ت, 148 
23, ن, 427 
23, م, 383 
23, ك, 130 
23, ط, 17 
23, ئ, 18 
23, ء, 16 
23, ؤ, 9 
23, ر, 181 
23, ى, 30 
23, و, 343 
23, ز, 17 
23, ظ, 13 
23, ض, 20 
24, ذ, 85 
24, ص, 33 
24, ث, 20 
24, ق, 61 
24, ف, 132 
24, غ, 27 
24, ع, 179 
24, ه, 352 
24, خ, 47 
24, ح, 83 
24, ج, 58 
24, د, 88 
24, ش, 44 
24, س, 89 
24, ي, 427 
24, ب, 208 
24, ل, 719 
24, ا, 964 
24, ت, 199 
24, ن, 434 
24, م, 480 
24, ك, 180 
24, ط, 24 
24, ئ, 25 
24, ء, 30 
24, ؤ, 21 
24, ر, 174 
24, ى, 37 
24, و, 448 
24, ز, 33 
24, ظ, 17 
24, ض, 38 
25, ذ, 87 
25, ص, 18 
25, ث, 20 
25, ق, 89 
25, ف, 73 
25, غ, 9 
25, ع, 109 
25, ه, 163 
25, خ, 33 
25, ح, 44 
25, ج, 54 
25, د, 64 
25, ش, 27 
25, س, 81 
25, ي, 262 
25, ب, 136 
25, ل, 446 
25, ا, 750 
25, ت, 108 
25, ن, 282 
25, م, 243 
25, ك, 125 
25, ط, 11 
25, ئ, 13 
25, ء, 18 
25, ؤ, 6 
25, ر, 192 
25, ى, 27 
25, و, 334 
25, ز, 21 
25, ظ, 9 
25, ض, 23 
26, ذ, 85 
26, ص, 25 
26, ث, 29 
26, ق, 133 
26, ف, 142 
26, غ, 18 
26, ع, 204 
26, ه, 199 
26, خ, 38 
26, ح, 59 
26, ج, 60 
26, د, 51 
26, ش, 24 
26, س, 93 
26, ي, 419 
26, ب, 189 
26, ل, 609 
26, ا, 987 
26, ت, 166 
26, ن, 602 
26, م, 481 
26, ك, 186 
26, ط, 33 
26, ئ, 16 
26, ء, 17 
26, ؤ, 20 
26, ر, 216 
26, ى, 32 
26, و, 420 
26, ز, 40 
26, ظ, 17 
26, ض, 20 
27, ذ, 56 
27, ص, 26 
27, ث, 12 
27, ق, 120 
27, ف, 116 
27, غ, 11 
27, ع, 134 
27, ه, 266 
27, خ, 35 
27, ح, 52 
27, ج, 55 
27, د, 98 
27, ش, 37 
27, س, 93 
27, ي, 322 
27, ب, 152 
27, ل, 529 
27, ا, 857 
27, ت, 176 
27, ن, 422 
27, م, 396 
27, ك, 140 
27, ط, 27 
27, ئ, 13 
27, ء, 25 
27, ؤ, 10 
27, ر, 192 
27, ى, 29 
27, و, 333 
27, ز, 19 
27, ظ, 16 
27, ض, 24 
28, ذ, 52 
28, ص, 39 
28, ث, 16 
28, ق, 147 
28, ف, 150 
28, غ, 25 
28, ع, 177 
28, ه, 316 
28, خ, 38 
28, ح, 71 
28, ج, 72 
28, د, 124 
28, ش, 33 
28, س, 101 
28, ي, 427 
28, ب, 169 
28, ل, 664 
28, ا, 1055 
28, ت, 214 
28, ن, 564 
28, م, 457 
28, ك, 178 
28, ط, 19 
28, ئ, 18 
28, ء, 32 
28, ؤ, 8 
28, ر, 216 
28, ى, 72 
28, و, 414 
28, ز, 19 
28, ظ, 16 
28, ض, 29 
29, ذ, 67 
29, ص, 25 
29, ث, 18 
29, ق, 92 
29, ف, 101 
29, غ, 9 
29, ع, 114 
29, ه, 227 
29, خ, 30 
29, ح, 50 
29, ج, 47 
29, د, 64 
29, ش, 21 
29, س, 70 
29, ي, 280 
29, ب, 148 
29, ل, 550 
29, ا, 812 
29, ت, 121 
29, ن, 407 
29, م, 341 
29, ك, 127 
29, ط, 17 
29, ئ, 17 
29, ء, 23 
29, ؤ, 8 
29, ر, 116 
29, ى, 21 
29, و, 349 
29, ز, 21 
29, ظ, 8 
29, ض, 16 
30, ذ, 59 
30, ص, 16 
30, ث, 27 
30, ق, 77 
30, ف, 110 
30, غ, 8 
30, ع, 93 
30, ه, 172 
30, خ, 25 
30, ح, 43 
30, ج, 25 
30, د, 51 
30, ش, 26 
30, س, 70 
30, ي, 263 
30, ب, 110 
30, ل, 391 
30, ا, 558 
30, ت, 111 
30, ن, 275 
30, م, 314 
30, ك, 120 
30, ط, 9 
30, ئ, 14 
30, ء, 19 
30, ؤ, 9 
30, ر, 140 
30, ى, 14 
30, و, 268 
30, ز, 15 
30, ظ, 11 
30, ض, 30 
31, ذ, 20 
31, ص, 20 
31, ث, 9 
31, ق, 31 
31, ف, 53 
31, غ, 14 
31, ع, 63 
31, ه, 124 
31, خ, 21 
31, ح, 30 
31, ج, 19 
31, د, 46 
31, ش, 18 
31, س, 37 
31, ي, 149 
31, ب, 75 
31, ل, 295 
31, ا, 386 
31, ت, 64 
31, ن, 153 
31, م, 170 
31, ك, 69 
31, ط, 6 
31, ئ, 7 
31, ء, 3 
31, ؤ, 1 
31, ر, 89 
31, ى, 18 
31, و, 147 
31, ز, 14 
31, ظ, 7 
31, ض, 13 
32, ذ, 29 
32, ص, 8 
32, ث, 6 
32, ق, 38 
32, ف, 46 
32, غ, 1 
32, ع, 45 
32, ه, 75 
32, خ, 12 
32, ح, 11 
32, ج, 23 
32, د, 25 
32, ش, 7 
32, س, 31 
32, ي, 90 
32, ب, 50 
32, ل, 151 
32, ا, 275 
32, ت, 46 
32, ن, 158 
32, م, 155 
32, ك, 46 
32, ط, 2 
32, ئ, 7 
32, ء, 7 
32, ؤ, 3 
32, ر, 64 
32, ى, 12 
32, و, 120 
32, ز, 8 
32, ظ, 4 
32, ض, 8 
33, ذ, 81 
33, ص, 30 
33, ث, 14 
33, ق, 111 
33, ف, 122 
33, غ, 18 
33, ع, 151 
33, ه, 310 
33, خ, 39 
33, ح, 66 
33, ج, 62 
33, د, 105 
33, ش, 28 
33, س, 91 
33, ي, 407 
33, ب, 162 
33, ل, 711 
33, ا, 1119 
33, ت, 180 
33, ن, 506 
33, م, 418 
33, ك, 197 
33, ط, 24 
33, ئ, 18 
33, ء, 24 
33, ؤ, 33 
33, ر, 193 
33, ى, 37 
33, و, 459 
33, ز, 32 
33, ظ, 17 
33, ض, 24 
34, ذ, 67 
34, ص, 12 
34, ث, 14 
34, ق, 94 
34, ف, 98 
34, غ, 14 
34, ع, 114 
34, ه, 147 
34, خ, 14 
34, ح, 36 
34, ج, 39 
34, د, 76 
34, ش, 28 
34, س, 59 
34, ي, 263 
34, ب, 141 
34, ل, 416 
34, ا, 639 
34, ت, 86 
34, ن, 288 
34, م, 287 
34, ك, 115 
34, ط, 10 
34, ئ, 7 
34, ء, 16 
34, ؤ, 8 
34, ر, 151 
34, ى, 29 
34, و, 263 
34, ز, 30 
34, ظ, 8 
34, ض, 25 
35, ذ, 58 
35, ص, 20 
35, ث, 13 
35, ق, 42 
35, ف, 93 
35, غ, 18 
35, ع, 78 
35, ه, 177 
35, خ, 29 
35, ح, 41 
35, ج, 38 
35, د, 63 
35, ش, 24 
35, س, 66 
35, ي, 219 
35, ب, 103 
35, ل, 397 
35, ا, 580 
35, ت, 87 
35, ن, 234 
35, م, 250 
35, ك, 108 
35, ط, 8 
35, ئ, 10 
35, ء, 21 
35, ؤ, 5 
35, ر, 157 
35, ى, 26 
35, و, 215 
35, ز, 30 
35, ظ, 8 
35, ض, 20 
36, ذ, 45 
36, ص, 22 
36, ث, 14 
36, ق, 72 
36, ف, 70 
36, غ, 12 
36, ع, 83 
36, ه, 164 
36, خ, 28 
36, ح, 40 
36, ج, 36 
36, د, 50 
36, ش, 27 
36, س, 47 
36, ي, 214 
36, ب, 71 
36, ل, 328 
36, ا, 539 
36, ت, 82 
36, ن, 301 
36, م, 309 
36, ك, 77 
36, ط, 14 
36, ئ, 8 
36, ء, 10 
36, ؤ, 4 
36, ر, 121 
36, ى, 21 
36, و, 221 
36, ز, 18 
36, ظ, 5 
36, ض, 15 
37, ذ, 57 
37, ص, 34 
37, ث, 12 
37, ق, 80 
37, ف, 112 
37, غ, 12 
37, ع, 111 
37, ه, 183 
37, خ, 24 
37, ح, 56 
37, ج, 45 
37, د, 59 
37, ش, 19 
37, س, 72 
37, ي, 238 
37, ب, 155 
37, ل, 444 
37, ا, 704 
37, ت, 104 
37, ن, 433 
37, م, 316 
37, ك, 98 
37, ط, 21 
37, ئ, 15 
37, ء, 12 
37, ؤ, 10 
37, ر, 127 
37, ى, 30 
37, و, 265 
37, ز, 23 
37, ظ, 16 
37, ض, 14 
38, ذ, 62 
38, ص, 29 
38, ث, 9 
38, ق, 74 
38, ف, 76 
38, غ, 15 
38, ع, 98 
38, ه, 141 
38, خ, 37 
38, ح, 52 
38, ج, 36 
38, د, 69 
38, ش, 20 
38, س, 53 
38, ي, 158 
38, ب, 147 
38, ل, 329 
38, ا, 615 
38, ت, 68 
38, ن, 257 
38, م, 206 
38, ك, 88 
38, ط, 20 
38, ئ, 7 
38, ء, 9 
38, ؤ, 3 
38, ر, 125 
38, ى, 22 
38, و, 198 
38, ز, 20 
38, ظ, 7 
38, ض, 17 
39, ذ, 88 
39, ص, 22 
39, ث, 29 
39, ق, 115 
39, ف, 122 
39, غ, 13 
39, ع, 125 
39, ه, 288 
39, خ, 50 
39, ح, 61 
39, ج, 49 
39, د, 88 
39, ش, 34 
39, س, 94 
39, ي, 330 
39, ب, 177 
39, ل, 626 
39, ا, 820 
39, ت, 161 
39, ن, 369 
39, م, 378 
39, ك, 143 
39, ط, 11 
39, ئ, 16 
39, ء, 24 
39, ؤ, 7 
39, ر, 170 
39, ى, 49 
39, و, 336 
39, ز, 34 
39, ظ, 10 
39, ض, 32 
40, ذ, 91 
40, ص, 33 
40, ث, 23 
40, ق, 107 
40, ف, 149 
40, غ, 19 
40, ع, 142 
40, ه, 228 
40, خ, 33 
40, ح, 62 
40, ج, 41 
40, د, 115 
40, ش, 27 
40, س, 99 
40, ي, 357 
40, ب, 211 
40, ل, 624 
40, ا, 913 
40, ت, 142 
40, ن, 403 
40, م, 377 
40, ك, 187 
40, ط, 12 
40, ئ, 11 
40, ء, 24 
40, ؤ, 9 
40, ر, 209 
40, ى, 40 
40, و, 360 
40, ز, 23 
40, ظ, 11 
40, ض, 26 
41, ذ, 56 
41, ص, 19 
41, ث, 12 
41, ق, 81 
41, ف, 92 
41, غ, 10 
41, ع, 102 
41, ه, 172 
41, خ, 25 
41, ح, 46 
41, ج, 29 
41, د, 68 
41, ش, 30 
41, س, 64 
41, ي, 244 
41, ب, 95 
41, ل, 356 
41, ا, 624 
41, ت, 98 
41, ن, 295 
41, م, 273 
41, ك, 86 
41, ط, 8 
41, ئ, 14 
41, ء, 23 
41, ؤ, 5 
41, ر, 116 
41, ى, 26 
41, و, 246 
41, ز, 23 
41, ظ, 10 
41, ض, 16 
42, ذ, 57 
42, ص, 28 
42, ث, 13 
42, ق, 57 
42, ف, 84 
42, غ, 14 
42, ع, 98 
42, ه, 193 
42, خ, 15 
42, ح, 51 
42, ج, 32 
42, د, 64 
42, ش, 38 
42, س, 53 
42, ي, 303 
42, ب, 129 
42, ل, 424 
42, ا, 598 
42, ت, 82 
42, ن, 256 
42, م, 297 
42, ك, 93 
42, ط, 10 
42, ئ, 9 
42, ء, 26 
42, ؤ, 4 
42, ر, 139 
42, ى, 27 
42, و, 269 
42, ز, 22 
42, ظ, 14 
42, ض, 23 
43, ذ, 55 
43, ص, 17 
43, ث, 14 
43, ق, 84 
43, ف, 94 
43, غ, 3 
43, ع, 121 
43, ه, 209 
43, خ, 32 
43, ح, 42 
43, ج, 44 
43, د, 63 
43, ش, 21 
43, س, 71 
43, ي, 223 
43, ب, 140 
43, ل, 370 
43, ا, 611 
43, ت, 111 
43, ن, 329 
43, م, 321 
43, ك, 112 
43, ط, 10 
43, ئ, 12 
43, ء, 20 
43, ؤ, 6 
43, ر, 131 
43, ى, 19 
43, و, 279 
43, ز, 11 
43, ظ, 11 
43, ض, 24 
44, ذ, 19 
44, ص, 4 
44, ث, 5 
44, ق, 35 
44, ف, 32 
44, غ, 5 
44, ع, 47 
44, ه, 67 
44, خ, 7 
44, ح, 14 
44, ج, 15 
44, د, 15 
44, ش, 9 
44, س, 22 
44, ي, 105 
44, ب, 61 
44, ل, 136 
44, ا, 257 
44, ت, 45 
44, ن, 154 
44, م, 147 
44, ك, 50 
44, ط, 5 
44, ئ, 5 
44, ء, 8 
44, ؤ, 4 
44, ر, 61 
44, ى, 12 
44, و, 112 
44, ز, 10 
44, ظ, 2 
44, ض, 4 
45, ذ, 30 
45, ص, 9 
45, ث, 10 
45, ق, 36 
45, ف, 43 
45, غ, 7 
45, ع, 60 
45, ه, 110 
45, خ, 16 
45, ح, 29 
45, ج, 19 
45, د, 21 
45, ش, 7 
45, س, 39 
45, ي, 156 
45, ب, 69 
45, ل, 242 
45, ا, 377 
45, ت, 95 
45, ن, 150 
45, م, 197 
45, ك, 68 
45, ط, 3 
45, ئ, 12 
45, ء, 10 
45, ؤ, 3 
45, ر, 61 
45, ى, 16 
45, و, 155 
45, ز, 16 
45, ظ, 6 
45, ض, 13 
46, ذ, 48 
46, ص, 20 
46, ث, 7 
46, ق, 73 
46, ف, 64 
46, غ, 10 
46, ع, 79 
46, ه, 127 
46, خ, 16 
46, ح, 34 
46, ج, 25 
46, د, 57 
46, ش, 13 
46, س, 47 
46, ي, 180 
46, ب, 94 
46, ل, 288 
46, ا, 496 
46, ت, 91 
46, ن, 215 
46, م, 222 
46, ك, 77 
46, ط, 4 
46, ئ, 12 
46, ء, 7 
46, ؤ, 1 
46, ر, 96 
46, ى, 24 
46, و, 206 
46, ز, 13 
46, ظ, 4 
46, ض, 18 
47, ذ, 43 
47, ص, 16 
47, ث, 12 
47, ق, 38 
47, ف, 73 
47, غ, 11 
47, ع, 73 
47, ه, 156 
47, خ, 16 
47, ح, 23 
47, ج, 13 
47, د, 35 
47, ش, 10 
47, س, 35 
47, ي, 131 
47, ب, 72 
47, ل, 299 
47, ا, 435 
47, ت, 82 
47, ن, 176 
47, م, 223 
47, ك, 75 
47, ط, 16 
47, ئ, 5 
47, ء, 13 
47, ؤ, 5 
47, ر, 93 
47, ى, 21 
47, و, 192 
47, ز, 9 
47, ظ, 4 
47, ض, 18 
48, ذ, 33 
48, ص, 13 
48, ث, 9 
48, ق, 47 
48, ف, 63 
48, غ, 15 
48, ع, 82 
48, ه, 146 
48, خ, 17 
48, ح, 31 
48, ج, 30 
48, د, 59 
48, ش, 17 
48, س, 52 
48, ي, 172 
48, ب, 70 
48, ل, 319 
48, ا, 396 
48, ت, 83 
48, ن, 187 
48, م, 202 
48, ك, 83 
48, ط, 9 
48, ئ, 3 
48, ء, 13 
48, ؤ, 16 
48, ر, 96 
48, ى, 20 
48, و, 188 
48, ز, 18 
48, ظ, 12 
48, ض, 9 
49, ذ, 10 
49, ص, 13 
49, ث, 6 
49, ق, 32 
49, ف, 34 
49, غ, 8 
49, ع, 43 
49, ه, 68 
49, خ, 12 
49, ح, 20 
49, ج, 11 
49, د, 17 
49, ش, 5 
49, س, 29 
49, ي, 102 
49, ب, 52 
49, ل, 193 
49, ا, 297 
49, ت, 55 
49, ن, 123 
49, م, 132 
49, ك, 49 
49, ط, 6 
49, ئ, 8 
49, ء, 7 
49, ؤ, 4 
49, ر, 44 
49, ى, 10 
49, و, 127 
49, ز, 3 
49, ظ, 4 
49, ض, 9 
50, ذ, 23 
50, ص, 12 
50, ث, 1 
50, ق, 57 
50, ف, 42 
50, غ, 7 
50, ع, 45 
50, ه, 62 
50, خ, 16 
50, ح, 26 
50, ج, 23 
50, د, 58 
50, ش, 13 
50, س, 27 
50, ي, 112 
50, ب, 76 
50, ل, 167 
50, ا, 226 
50, ت, 40 
50, ن, 112 
50, م, 115 
50, ك, 43 
50, ط, 6 
50, ئ, 2 
50, ء, 10 
50, ؤ, 1 
50, ر, 52 
50, ى, 6 
50, و, 109 
50, ز, 7 
50, ظ, 5 
50, ض, 6 
51, ذ, 33 
51, ص, 9 
51, ث, 4 
51, ق, 46 
51, ف, 62 
51, غ, 6 
51, ع, 39 
51, ه, 71 
51, خ, 14 
51, ح, 17 
51, ج, 21 
51, د, 18 
51, ش, 4 
51, س, 36 
51, ي, 102 
51, ب, 36 
51, ل, 159 
51, ا, 259 
51, ت, 53 
51, ن, 143 
51, م, 144 
51, ك, 39 
51, ط, 7 
51, ئ, 1 
51, ء, 7 
51, ؤ, 3 
51, ر, 65 
51, ى, 10 
51, و, 127 
51, ز, 5 
51, ظ, 2 
51, ض, 4 
52, ذ, 20 
52, ص, 13 
52, ث, 5 
52, ق, 28 
52, ف, 34 
52, غ, 8 
52, ع, 38 
52, ه, 70 
52, خ, 5 
52, ح, 17 
52, ج, 10 
52, د, 17 
52, ش, 9 
52, س, 26 
52, ي, 85 
52, ب, 63 
52, ل, 115 
52, ا, 202 
52, ت, 45 
52, ن, 117 
52, م, 147 
52, ك, 41 
52, ط, 7 
52, ئ, 6 
52, ء, 6 
52, ؤ, 3 
52, ر, 58 
52, ى, 4 
52, و, 116 
52, ز, 4 
52, ظ, 1 
52, ض, 4 
53, ذ, 23 
53, ص, 3 
53, ث, 10 
53, ق, 17 
53, ف, 37 
53, غ, 14 
53, ع, 34 
53, ه, 82 
53, خ, 7 
53, ح, 16 
53, ج, 12 
53, د, 28 
53, ش, 14 
53, س, 29 
53, ي, 63 
53, ب, 43 
53, ل, 147 
53, ا, 287 
53, ت, 40 
53, ن, 113 
53, م, 109 
53, ك, 33 
53, ط, 7 
53, ئ, 4 
53, ء, 5 
53, ؤ, 5 
53, ر, 45 
53, ى, 63 
53, و, 114 
53, ز, 16 
53, ظ, 4 
53, ض, 9 
54, ذ, 42 
54, ص, 13 
54, ث, 2 
54, ق, 48 
54, ف, 50 
54, غ, 5 
54, ع, 53 
54, ه, 66 
54, خ, 7 
54, ح, 21 
54, ج, 19 
54, د, 47 
54, ش, 14 
54, س, 32 
54, ي, 72 
54, ب, 58 
54, ل, 119 
54, ا, 226 
54, ت, 36 
54, ن, 121 
54, م, 108 
54, ك, 57 
54, ط, 8 
54, ئ, 2 
54, ء, 13 
54, ؤ, 1 
54, ر, 106 
54, ى, 8 
54, و, 98 
54, ز, 11 
54, ظ, 1 
54, ض, 6 
55, ذ, 45 
55, ص, 7 
55, ث, 3 
55, ق, 22 
55, ف, 68 
55, غ, 4 
55, ع, 18 
55, ه, 43 
55, خ, 15 
55, ح, 13 
55, ج, 27 
55, د, 7 
55, ش, 9 
55, س, 29 
55, ي, 92 
55, ب, 124 
55, ل, 138 
55, ا, 367 
55, ت, 62 
55, ن, 142 
55, م, 109 
55, ك, 84 
55, ط, 10 
55, ئ, 4 
55, ء, 34 
55, ؤ, 3 
55, ر, 85 
55, ى, 4 
55, و, 65 
55, ز, 7 
55, ظ, 1 
55, ض, 7 
56, ذ, 16 
56, ص, 17 
56, ث, 15 
56, ق, 35 
56, ف, 40 
56, غ, 4 
56, ع, 44 
56, ه, 59 
56, خ, 10 
56, ح, 41 
56, ج, 20 
56, د, 18 
56, ش, 21 
56, س, 22 
56, ي, 94 
56, ب, 61 
56, ل, 173 
56, ا, 312 
56, ت, 59 
56, ن, 201 
56, م, 175 
56, ك, 49 
56, ط, 7 
56, ئ, 6 
56, ء, 7 
56, ؤ, 5 
56, ر, 62 
56, ى, 5 
56, و, 149 
56, ز, 13 
56, ظ, 9 
56, ض, 7 
57, ذ, 30 
57, ص, 12 
57, ث, 13 
57, ق, 49 
57, ف, 72 
57, غ, 12 
57, ع, 61 
57, ه, 136 
57, خ, 16 
57, ح, 27 
57, ج, 26 
57, د, 37 
57, ش, 12 
57, س, 46 
57, ي, 177 
57, ب, 88 
57, ل, 315 
57, ا, 440 
57, ت, 83 
57, ن, 177 
57, م, 215 
57, ك, 74 
57, ط, 5 
57, ئ, 5 
57, ء, 11 
57, ؤ, 10 
57, ر, 118 
57, ى, 17 
57, و, 216 
57, ز, 12 
57, ظ, 8 
57, ض, 25 
58, ذ, 36 
58, ص, 12 
58, ث, 10 
58, ق, 27 
58, ف, 45 
58, غ, 5 
58, ع, 54 
58, ه, 131 
58, خ, 12 
58, ح, 29 
58, ج, 24 
58, د, 36 
58, ش, 18 
58, س, 38 
58, ي, 143 
58, ب, 62 
58, ل, 256 
58, ا, 369 
58, ت, 63 
58, ن, 162 
58, م, 169 
58, ك, 48 
58, ط, 8 
58, ئ, 13 
58, ء, 6 
58, ؤ, 4 
58, ر, 51 
58, ى, 12 
58, و, 182 
58, ز, 13 
58, ظ, 3 
58, ض, 5 
59, ذ, 29 
59, ص, 19 
59, ث, 6 
59, ق, 44 
59, ف, 49 
59, غ, 6 
59, ع, 38 
59, ه, 127 
59, خ, 21 
59, ح, 23 
59, ج, 23 
59, د, 31 
59, ش, 17 
59, س, 34 
59, ي, 117 
59, ب, 64 
59, ل, 270 
59, ا, 360 
59, ت, 45 
59, ن, 155 
59, م, 148 
59, ك, 44 
59, ط, 4 
59, ئ, 10 
59, ء, 11 
59, ؤ, 6 
59, ر, 77 
59, ى, 14 
59, و, 159 
59, ز, 10 
59, ظ, 4 
59, ض, 5 
60, ذ, 17 
60, ص, 6 
60, ث, 2 
60, ق, 27 
60, ف, 41 
60, غ, 9 
60, ع, 33 
60, ه, 83 
60, خ, 9 
60, ح, 20 
60, ج, 19 
60, د, 30 
60, ش, 4 
60, س, 23 
60, ي, 115 
60, ب, 50 
60, ل, 170 
60, ا, 279 
60, ت, 58 
60, ن, 134 
60, م, 140 
60, ك, 66 
60, ط, 3 
60, ئ, 4 
60, ء, 12 
60, ؤ, 6 
60, ر, 50 
60, ى, 6 
60, و, 133 
60, ز, 5 
60, ظ, 2 
60, ض, 4 
61, ذ, 15 
61, ص, 9 
61, ق, 19 
61, ف, 25 
61, غ, 3 
61, ع, 18 
61, ه, 55 
61, خ, 3 
61, ح, 13 
61, ج, 7 
61, د, 19 
61, ش, 3 
61, س, 21 
61, ي, 76 
61, ب, 30 
61, ل, 122 
61, ا, 164 
61, ت, 29 
61, ن, 78 
61, م, 75 
61, ك, 26 
61, ط, 4 
61, ئ, 4 
61, ء, 1 
61, ؤ, 4 
61, ر, 41 
61, ى, 13 
61, و, 78 
61, ز, 5 
61, ظ, 5 
61, ض, 1 
62, ذ, 16 
62, ص, 3 
62, ث, 7 
62, ق, 14 
62, ف, 18 
62, غ, 2 
62, ع, 16 
62, ه, 43 
62, خ, 4 
62, ح, 10 
62, ج, 3 
62, د, 12 
62, ش, 3 
62, س, 8 
62, ي, 61 
62, ب, 17 
62, ل, 110 
62, ا, 143 
62, ت, 27 
62, ن, 48 
62, م, 71 
62, ك, 24 
62, ئ, 3 
62, ء, 2 
62, ؤ, 1 
62, ر, 22 
62, ى, 2 
62, و, 60 
62, ز, 7 
62, ظ, 3 
62, ض, 8 
63, ذ, 13 
63, ص, 5 
63, ث, 1 
63, ق, 23 
63, ف, 25 
63, غ, 4 
63, ع, 20 
63, ه, 53 
63, خ, 8 
63, ح, 6 
63, ج, 9 
63, د, 12 
63, ش, 3 
63, س, 21 
63, ي, 45 
63, ب, 14 
63, ل, 114 
63, ا, 129 
63, ت, 21 
63, ن, 69 
63, م, 63 
63, ك, 24 
63, ط, 1 
63, ئ, 3 
63, ء, 4 
63, ؤ, 4 
63, ر, 26 
63, ى, 6 
63, و, 69 
63, ز, 4 
63, ض, 2 
64, ذ, 16 
64, ص, 11 
64, ث, 3 
64, ق, 14 
64, ف, 36 
64, غ, 8 
64, ع, 33 
64, ه, 53 
64, خ, 7 
64, ح, 16 
64, ج, 6 
64, د, 15 
64, ش, 6 
64, س, 19 
64, ي, 70 
64, ب, 38 
64, ل, 143 
64, ا, 189 
64, ت, 36 
64, ن, 67 
64, م, 90 
64, ك, 35 
64, ط, 4 
64, ئ, 4 
64, ء, 2 
64, ؤ, 5 
64, ر, 40 
64, ى, 6 
64, و, 105 
64, ز, 6 
64, ظ, 2 
64, ض, 6 
65, ذ, 15 
65, ص, 3 
65, ث, 6 
65, ق, 28 
65, ف, 27 
65, غ, 2 
65, ع, 44 
65, ه, 87 
65, خ, 10 
65, ح, 23 
65, ج, 15 
65, د, 32 
65, ش, 9 
65, س, 27 
65, ي, 75 
65, ب, 34 
65, ل, 154 
65, ا, 205 
65, ت, 48 
65, ن, 94 
65, م, 76 
65, ك, 28 
65, ط, 3 
65, ئ, 5 
65, ء, 4 
65, ؤ, 2 
65, ر, 50 
65, ى, 5 
65, و, 73 
65, ز, 6 
65, ظ, 4 
65, ض, 9 
66, ذ, 11 
66, ص, 8 
66, ث, 4 
66, ق, 17 
66, ف, 24 
66, غ, 7 
66, ع, 33 
66, ه, 65 
66, خ, 8 
66, ح, 16 
66, ج, 14 
66, د, 19 
66, ش, 3 
66, س, 10 
66, ي, 78 
66, ب, 43 
66, ل, 114 
66, ا, 209 
66, ت, 47 
66, ن, 98 
66, م, 84 
66, ك, 32 
66, ط, 2 
66, ئ, 7 
66, ء, 1 
66, ؤ, 3 
66, ر, 48 
66, ى, 7 
66, و, 74 
66, ز, 5 
66, ظ, 6 
66, ض, 8 
67, ذ, 32 
67, ص, 16 
67, ث, 1 
67, ق, 36 
67, ف, 45 
67, غ, 6 
67, ع, 36 
67, ه, 59 
67, خ, 9 
67, ح, 15 
67, ج, 16 
67, د, 17 
67, ش, 13 
67, س, 27 
67, ي, 106 
67, ب, 48 
67, ل, 142 
67, ا, 225 
67, ت, 36 
67, ن, 98 
67, م, 109 
67, ك, 47 
67, ط, 6 
67, ئ, 4 
67, ء, 8 
67, ؤ, 1 
67, ر, 70 
67, ى, 9 
67, و, 93 
67, ز, 10 
67, ظ, 1 
67, ض, 6 
68, ذ, 19 
68, ص, 15 
68, ث, 6 
68, ق, 21 
68, ف, 28 
68, غ, 8 
68, ع, 42 
68, ه, 56 
68, خ, 9 
68, ح, 19 
68, ج, 13 
68, د, 28 
68, ش, 5 
68, س, 25 
68, ي, 80 
68, ب, 55 
68, ل, 129 
68, ا, 205 
68, ت, 38 
68, ن, 131 
68, م, 120 
68, ك, 53 
68, ط, 11 
68, ئ, 3 
68, ء, 3 
68, ر, 48 
68, ى, 12 
68, و, 96 
68, ز, 4 
68, ظ, 3 
68, ض, 4 
69, ذ, 17 
69, ص, 8 
69, ث, 7 
69, ق, 29 
69, ف, 38 
69, غ, 5 
69, ع, 38 
69, ه, 86 
69, خ, 14 
69, ح, 20 
69, ج, 9 
69, د, 12 
69, ش, 6 
69, س, 21 
69, ي, 85 
69, ب, 36 
69, ل, 113 
69, ا, 195 
69, ت, 35 
69, ن, 73 
69, م, 89 
69, ك, 34 
69, ط, 9 
69, ئ, 7 
69, ء, 3 
69, ؤ, 6 
69, ر, 38 
69, ى, 9 
69, و, 79 
69, ز, 3 
69, ظ, 3 
69, ض, 6 
70, ذ, 23 
70, ص, 11 
70, ث, 2 
70, ق, 16 
70, ف, 23 
70, غ, 4 
70, ع, 38 
70, ه, 57 
70, خ, 10 
70, ح, 10 
70, ج, 15 
70, د, 19 
70, ش, 7 
70, س, 14 
70, ي, 72 
70, ب, 30 
70, ل, 96 
70, ا, 152 
70, ت, 19 
70, ن, 80 
70, م, 98 
70, ك, 20 
70, ط, 2 
70, ئ, 9 
70, ء, 2 
70, ؤ, 1 
70, ر, 37 
70, ى, 11 
70, و, 83 
70, ز, 4 
70, ظ, 3 
70, ض, 3 
71, ذ, 10 
71, ص, 4 
71, ث, 6 
71, ق, 21 
71, ف, 18 
71, غ, 8 
71, ع, 25 
71, ه, 34 
71, خ, 10 
71, ح, 3 
71, ج, 19 
71, د, 25 
71, ش, 2 
71, س, 20 
71, ي, 51 
71, ب, 27 
71, ل, 106 
71, ا, 200 
71, ت, 34 
71, ن, 60 
71, م, 77 
71, ك, 32 
71, ط, 5 
71, ئ, 2 
71, ء, 2 
71, ؤ, 5 
71, ر, 60 
71, ى, 4 
71, و, 83 
71, ز, 4 
71, ظ, 2 
71, ض, 6 
72, ذ, 7 
72, ص, 8 
72, ث, 1 
72, ق, 25 
72, ف, 25 
72, غ, 5 
72, ع, 37 
72, ه, 59 
72, خ, 5 
72, ح, 16 
72, ج, 17 
72, د, 54 
72, ش, 12 
72, س, 26 
72, ي, 50 
72, ب, 36 
72, ل, 115 
72, ا, 232 
72, ت, 17 
72, ن, 113 
72, م, 71 
72, ك, 19 
72, ط, 8 
72, ئ, 3 
72, ء, 3 
72, ؤ, 1 
72, ر, 48 
72, ى, 10 
72, و, 71 
72, ز, 3 
72, ظ, 5 
72, ض, 6 
73, ذ, 12 
73, ص, 8 
73, ث, 6 
73, ق, 24 
73, ف, 25 
73, غ, 5 
73, ع, 20 
73, ه, 44 
73, خ, 8 
73, ح, 5 
73, ج, 10 
73, د, 11 
73, ش, 6 
73, س, 17 
73, ي, 58 
73, ب, 22 
73, ل, 107 
73, ا, 161 
73, ت, 26 
73, ن, 58 
73, م, 52 
73, ك, 24 
73, ط, 5 
73, ئ, 2 
73, ء, 3 
73, ؤ, 2 
73, ر, 47 
73, ى, 6 
73, و, 69 
73, ز, 3 
73, ظ, 1 
73, ض, 7 
74, ذ, 25 
74, ص, 8 
74, ث, 10 
74, ق, 25 
74, ف, 33 
74, غ, 2 
74, ع, 22 
74, ه, 49 
74, خ, 6 
74, ح, 10 
74, ج, 8 
74, د, 26 
74, ش, 14 
74, س, 22 
74, ي, 70 
74, ب, 32 
74, ل, 105 
74, ا, 177 
74, ت, 36 
74, ن, 78 
74, م, 71 
74, ك, 44 
74, ط, 3 
74, ئ, 4 
74, ء, 6 
74, ؤ, 3 
74, ر, 68 
74, ى, 6 
74, و, 63 
74, ز, 3 
74, ظ, 1 
74, ض, 5 
75, ذ, 15 
75, ص, 4 
75, ث, 5 
75, ق, 27 
75, ف, 19 
75, غ, 1 
75, ع, 16 
75, ه, 33 
75, خ, 4 
75, ح, 5 
75, ج, 10 
75, د, 6 
75, ش, 1 
75, س, 25 
75, ي, 40 
75, ب, 29 
75, ل, 80 
75, ا, 121 
75, ت, 15 
75, ن, 53 
75, م, 40 
75, ك, 16 
75, ط, 2 
75, ئ, 6 
75, ر, 32 
75, ى, 21 
75, و, 43 
75, ز, 2 
75, ظ, 4 
75, ض, 1 
76, ذ, 15 
76, ص, 4 
76, ث, 6 
76, ق, 15 
76, ف, 26 
76, غ, 1 
76, ع, 26 
76, ه, 63 
76, خ, 8 
76, ح, 12 
76, ج, 14 
76, د, 18 
76, ش, 17 
76, س, 31 
76, ي, 79 
76, ب, 35 
76, ل, 92 
76, ا, 215 
76, ت, 24 
76, ن, 86 
76, م, 74 
76, ك, 37 
76, ط, 12 
76, ئ, 4 
76, ء, 7 
76, ؤ, 4 
76, ر, 65 
76, ى, 6 
76, و, 76 
76, ز, 9 
76, ظ, 2 
76, ض, 5 
77, ذ, 36 
77, ص, 7 
77, ث, 4 
77, ق, 18 
77, ف, 29 
77, غ, 1 
77, ع, 22 
77, ه, 17 
77, خ, 3 
77, ح, 3 
77, ج, 12 
77, د, 9 
77, ش, 7 
77, س, 8 
77, ي, 71 
77, ب, 22 
77, ل, 104 
77, ا, 130 
77, ت, 28 
77, ن, 67 
77, م, 74 
77, ك, 37 
77, ط, 4 
77, ئ, 11 
77, ء, 4 
77, ؤ, 2 
77, ر, 32 
77, ى, 3 
77, و, 71 
77, ز, 1 
77, ظ, 3 
77, ض, 1 
78, ذ, 12 
78, ص, 7 
78, ث, 3 
78, ق, 17 
78, ف, 23 
78, غ, 3 
78, ع, 19 
78, ه, 19 
78, خ, 6 
78, ح, 12 
78, ج, 19 
78, د, 11 
78, ش, 5 
78, س, 16 
78, ي, 42 
78, ب, 39 
78, ل, 71 
78, ا, 194 
78, ت, 27 
78, ن, 61 
78, م, 52 
78, ك, 26 
78, ط, 3 
78, ئ, 2 
78, ء, 9 
78, ر, 26 
78, ى, 1 
78, و, 61 
78, ز, 6 
78, ظ, 2 
78, ض, 2 
79, ذ, 14 
79, ص, 2 
79, ث, 4 
79, ق, 11 
79, ف, 29 
79, غ, 4 
79, ع, 19 
79, ه, 57 
79, خ, 12 
79, ح, 12 
79, ج, 11 
79, د, 16 
79, ش, 10 
79, س, 19 
79, ي, 29 
79, ب, 26 
79, ل, 66 
79, ا, 180 
79, ت, 20 
79, ن, 46 
79, م, 48 
79, ك, 23 
79, ط, 7 
79, ئ, 3 
79, ء, 3 
79, ر, 41 
79, ى, 24 
79, و, 41 
79, ز, 4 
79, ظ, 1 
79, ض, 3 
80, ذ, 9 
80, ص, 6 
80, ث, 4 
80, ق, 13 
80, ف, 22 
80, غ, 4 
80, ع, 13 
80, ه, 51 
80, خ, 6 
80, ح, 5 
80, ج, 6 
80, د, 5 
80, ش, 9 
80, س, 10 
80, ي, 30 
80, ب, 19 
80, ل, 35 
80, ا, 92 
80, ت, 18 
80, ن, 33 
80, م, 43 
80, ك, 21 
80, ط, 3 
80, ئ, 6 
80, ء, 8 
80, ر, 30 
80, ى, 11 
80, و, 32 
80, ز, 3 
80, ظ, 1 
80, ض, 4 
81, ذ, 19 
81, ص, 3 
81, ث, 1 
81, ق, 8 
81, ف, 8 
81, غ, 1 
81, ع, 12 
81, ه, 10 
81, خ, 1 
81, ح, 8 
81, ج, 9 
81, د, 4 
81, ش, 11 
81, س, 16 
81, ي, 20 
81, ب, 15 
81, ل, 46 
81, ا, 87 
81, ت, 20 
81, ن, 30 
81, م, 27 
81, ك, 9 
81, ط, 4 
81, ئ, 1 
81, ء, 3 
81, ؤ, 2 
81, ر, 18 
81, ى, 1 
81, و, 37 
81, ز, 2 
81, ض, 2 
82, ذ, 7 
82, ص, 2 
82, ث, 3 
82, ق, 3 
82, ف, 13 
82, غ, 2 
82, ع, 8 
82, ه, 6 
82, خ, 2 
82, ح, 3 
82, ج, 3 
82, د, 8 
82, ش, 2 
82, س, 6 
82, ي, 26 
82, ب, 14 
82, ل, 31 
82, ا, 66 
82, ت, 12 
82, ن, 23 
82, م, 27 
82, ك, 18 
82, ط, 1 
82, ئ, 3 
82, ء, 2 
82, ر, 19 
82, و, 22 
82, ظ, 1 
83, ذ, 20 
83, ص, 1 
83, ث, 5 
83, ق, 13 
83, ف, 19 
83, غ, 1 
83, ع, 18 
83, ه, 27 
83, خ, 3 
83, ح, 6 
83, ج, 8 
83, د, 5 
83, ش, 2 
83, س, 14 
83, ي, 61 
83, ب, 28 
83, ل, 76 
83, ا, 135 
83, ت, 19 
83, ن, 70 
83, م, 63 
83, ك, 32 
83, ط, 2 
83, ئ, 5 
83, ء, 1 
83, ؤ, 1 
83, ر, 30 
83, ى, 6 
83, و, 68 
83, ز, 3 
83, ظ, 5 
83, ض, 4 
84, ذ, 10 
84, ص, 3 
84, ث, 1 
84, ق, 15 
84, ف, 13 
84, غ, 1 
84, ع, 8 
84, ه, 23 
84, خ, 1 
84, ح, 8 
84, ج, 2 
84, د, 5 
84, ش, 3 
84, س, 14 
84, ي, 28 
84, ب, 24 
84, ل, 40 
84, ا, 88 
84, ت, 16 
84, ن, 31 
84, م, 27 
84, ك, 11 
84, ط, 2 
84, ئ, 1 
84, ء, 2 
84, ؤ, 1 
84, ر, 24 
84, ى, 4 
84, و, 36 
84, ظ, 2 
84, ض, 1 
85, ذ, 12 
85, ص, 2 
85, ث, 3 
85, ق, 6 
85, ف, 11 
85, غ, 1 
85, ع, 14 
85, ه, 24 
85, خ, 1 
85, ح, 9 
85, ج, 7 
85, د, 22 
85, ش, 8 
85, س, 2 
85, ي, 31 
85, ب, 14 
85, ل, 57 
85, ا, 76 
85, ت, 14 
85, ن, 28 
85, م, 38 
85, ك, 8 
85, ط, 2 
85, ئ, 2 
85, ء, 2 
85, ؤ, 4 
85, ر, 15 
85, ى, 2 
85, و, 49 
85, ز, 3 
85, ظ, 1 
85, ض, 1 
86, ذ, 2 
86, ص, 4 
86, ث, 1 
86, ق, 9 
86, ف, 8 
86, ع, 5 
86, ه, 12 
86, خ, 3 
86, ح, 1 
86, ج, 4 
86, د, 9 
86, س, 5 
86, ي, 12 
86, ب, 6 
86, ل, 33 
86, ا, 51 
86, ت, 4 
86, ن, 16 
86, م, 19 
86, ك, 7 
86, ط, 2 
86, ئ, 2 
86, ء, 3 
86, ر, 15 
86, ى, 2 
86, و, 15 
86, ز, 1 
86, ظ, 2 
86, ض, 1 
87, ذ, 9 
87, ص, 4 
87, ث, 3 
87, ق, 6 
87, ف, 13 
87, غ, 1 
87, ع, 5 
87, ه, 12 
87, خ, 6 
87, ح, 7 
87, ج, 4 
87, د, 4 
87, ش, 3 
87, س, 10 
87, ي, 21 
87, ب, 8 
87, ل, 34 
87, ا, 47 
87, ت, 6 
87, ن, 13 
87, م, 12 
87, ك, 9 
87, ء, 2 
87, ؤ, 2 
87, ر, 19 
87, ى, 19 
87, و, 16 
87, ز, 1 
88, ذ, 6 
88, ص, 5 
88, ث, 4 
88, ق, 3 
88, ف, 16 
88, غ, 3 
88, ع, 18 
88, ه, 29 
88, خ, 2 
88, ح, 4 
88, ج, 6 
88, د, 1 
88, ش, 2 
88, س, 10 
88, ي, 34 
88, ب, 13 
88, ل, 35 
88, ا, 62 
88, ت, 11 
88, ن, 23 
88, م, 26 
88, ك, 10 
88, ط, 3 
88, ئ, 2 
88, ء, 1 
88, ر, 17 
88, ى, 7 
88, و, 23 
88, ز, 1 
88, ظ, 1 
88, ض, 4 
89, ذ, 18 
89, ص, 5 
89, ث, 6 
89, ق, 10 
89, ف, 23 
89, غ, 1 
89, ع, 16 
89, ه, 20 
89, خ, 4 
89, ح, 7 
89, ج, 9 
89, د, 19 
89, ش, 2 
89, س, 8 
89, ي, 46 
89, ب, 25 
89, ل, 67 
89, ا, 112 
89, ت, 20 
89, ن, 23 
89, م, 32 
89, ك, 22 
89, ط, 4 
89, ئ, 4 
89, ء, 2 
89, ر, 31 
89, ى, 4 
89, و, 39 
89, ز, 1 
89, ض, 4 
90, ذ, 7 
90, ص, 6 
90, ث, 1 
90, ق, 10 
90, ف, 6 
90, غ, 1 
90, ع, 7 
90, ه, 20 
90, خ, 1 
90, ح, 9 
90, ج, 2 
90, د, 14 
90, ش, 2 
90, س, 7 
90, ي, 23 
90, ب, 20 
90, ل, 34 
90, ا, 68 
90, ت, 9 
90, ن, 24 
90, م, 27 
90, ك, 8 
90, ط, 1 
90, ئ, 1 
90, ؤ, 1 
90, ر, 10 
90, و, 23 
91, ذ, 7 
91, ث, 2 
91, ق, 10 
91, ف, 10 
91, غ, 2 
91, ع, 4 
91, ه, 28 
91, خ, 2 
91, ح, 3 
91, ج, 2 
91, د, 6 
91, ش, 3 
91, س, 8 
91, ي, 5 
91, ب, 10 
91, ل, 21 
91, ا, 63 
91, ت, 3 
91, ن, 8 
91, م, 16 
91, ك, 3 
91, ط, 2 
91, ء, 1 
91, ر, 7 
91, و, 24 
91, ز, 1 
91, ض, 2 
92, ذ, 9 
92, ص, 2 
92, ث, 1 
92, ق, 5 
92, ف, 5 
92, غ, 4 
92, ع, 8 
92, ه, 14 
92, خ, 3 
92, ح, 3 
92, ج, 4 
92, د, 5 
92, ش, 3 
92, س, 12 
92, ي, 17 
92, ب, 8 
92, ل, 40 
92, ا, 56 
92, ت, 13 
92, ن, 22 
92, م, 13 
92, ك, 6 
92, ط, 1 
92, ء, 1 
92, ؤ, 1 
92, ر, 12 
92, ى, 22 
92, و, 20 
92, ز, 2 
92, ظ, 1 
92, ض, 1 
93, ذ, 1 
93, ث, 1 
93, ق, 2 
93, ف, 9 
93, غ, 1 
93, ع, 4 
93, ه, 5 
93, خ, 2 
93, ح, 2 
93, ج, 4 
93, د, 6 
93, س, 3 
93, ي, 9 
93, ب, 4 
93, ل, 19 
93, ا, 28 
93, ت, 5 
93, ن, 4 
93, م, 10 
93, ك, 9 
93, ط, 1 
93, ئ, 2 
93, ر, 8 
93, ى, 8 
93, و, 15 
93, ض, 3 
94, ذ, 3 
94, ص, 2 
94, ق, 1 
94, ف, 6 
94, غ, 2 
94, ع, 7 
94, ه, 1 
94, ح, 1 
94, د, 1 
94, ش, 1 
94, س, 4 
94, ي, 3 
94, ب, 3 
94, ل, 7 
94, ا, 16 
94, ت, 1 
94, ن, 8 
94, م, 3 
94, ك, 9 
94, ر, 13 
94, ى, 1 
94, و, 5 
94, ز, 1 
94, ظ, 1 
94, ض, 2 
95, ذ, 3 
95, ص, 1 
95, ث, 1 
95, ق, 3 
95, ف, 5 
95, غ, 1 
95, ع, 2 
95, ه, 4 
95, خ, 1 
95, ح, 4 
95, ج, 1 
95, د, 6 
95, س, 6 
95, ي, 14 
95, ب, 5 
95, ل, 21 
95, ا, 31 
95, ت, 4 
95, ن, 17 
95, م, 11 
95, ك, 4 
95, ط, 1 
95, ر, 4 
95, و, 11 
95, ز, 1 
96, ذ, 6 
96, ص, 3 
96, ق, 8 
96, ف, 2 
96, غ, 2 
96, ع, 12 
96, ه, 12 
96, خ, 3 
96, ج, 2 
96, د, 6 
96, س, 8 
96, ي, 17 
96, ب, 13 
96, ل, 38 
96, ا, 62 
96, ت, 9 
96, ن, 24 
96, م, 13 
96, ك, 10 
96, ط, 3 
96, ئ, 2 
96, ر, 14 
96, ى, 11 
96, و, 7 
96, ز, 1 
97, ذ, 1 
97, ق, 3 
97, ف, 4 
97, ع, 1 
97, ه, 9 
97, خ, 1 
97, ح, 2 
97, ج, 1 
97, د, 4 
97, ش, 1 
97, س, 1 
97, ي, 7 
97, ب, 2 
97, ل, 19 
97, ا, 20 
97, ت, 2 
97, ن, 7 
97, م, 9 
97, ك, 3 
97, ط, 1 
97, ئ, 1 
97, ر, 10 
97, ى, 1 
97, و, 3 
97, ز, 2 
98, ذ, 6 
98, ص, 4 
98, ق, 4 
98, ف, 10 
98, ع, 7 
98, ه, 31 
98, خ, 5 
98, ح, 5 
98, ج, 5 
98, د, 9 
98, ش, 4 
98, س, 1 
98, ي, 33 
98, ب, 13 
98, ل, 45 
98, ا, 72 
98, ت, 17 
98, ن, 34 
98, م, 29 
98, ك, 15 
98, ط, 1 
98, ئ, 2 
98, ء, 2 
98, ؤ, 2 
98, ر, 19 
98, ى, 1 
98, و, 24 
98, ز, 2 
98, ض, 2 
99, ذ, 5 
99, ص, 1 
99, ث, 4 
99, ق, 4 
99, ف, 1 
99, ع, 3 
99, ه, 10 
99, خ, 3 
99, ح, 2 
99, ج, 1 
99, د, 2 
99, ش, 2 
99, س, 2 
99, ي, 9 
99, ب, 3 
99, ل, 18 
99, ا, 36 
99, ت, 5 
99, ن, 6 
99, م, 11 
99, ك, 1 
99, ئ, 2 
99, ر, 13 
99, ى, 1 
99, و, 7 
99, ز, 4 
99, ض, 2 
100, ذ, 3 
100, ص, 3 
100, ث, 2 
100, ق, 3 
100, ف, 7 
100, غ, 1 
100, ع, 6 
100, ه, 8 
100, خ, 2 
100, ح, 5 
100, ج, 1 
100, د, 7 
100, ش, 2 
100, س, 2 
100, ي, 11 
100, ب, 11 
100, ل, 18 
100, ا, 29 
100, ت, 3 
100, ن, 10 
100, م, 9 
100, ك, 2 
100, ط, 1 
100, ئ, 1 
100, ر, 10 
100, ى, 1 
100, و, 10 
100, ض, 1 
101, ث, 3 
101, ق, 4 
101, ف, 7 
101, ع, 5 
101, ه, 15 
101, خ, 1 
101, ح, 1 
101, ج, 1 
101, د, 2 
101, ش, 3 
101, س, 1 
101, ي, 10 
101, ب, 2 
101, ل, 11 
101, ا, 35 
101, ت, 3 
101, ن, 10 
101, م, 16 
101, ك, 6 
101, ر, 8 
101, و, 13 
101, ز, 2 
101, ض, 1 
102, ذ, 1 
102, ث, 4 
102, ق, 3 
102, ف, 2 
102, ع, 7 
102, ه, 2 
102, ح, 2 
102, ج, 1 
102, س, 3 
102, ي, 8 
102, ب, 1 
102, ل, 19 
102, ا, 15 
102, ت, 9 
102, ن, 11 
102, م, 13 
102, ك, 5 
102, ئ, 1 
102, ر, 5 
102, ى, 1 
102, و, 9 
102, ز, 1 
103, ذ, 1 
103, ص, 5 
103, ق, 1 
103, ف, 1 
103, ع, 2 
103, خ, 1 
103, ح, 2 
103, س, 2 
103, ي, 2 
103, ب, 3 
103, ل, 10 
103, ا, 20 
103, ت, 3 
103, ن, 5 
103, م, 2 
103, ر, 3 
103, و, 10 
104, ذ, 2 
104, ص, 1 
104, ق, 1 
104, ف, 3 
104, ع, 6 
104, ه, 15 
104, خ, 1 
104, ح, 3 
104, ج, 1 
104, د, 10 
104, س, 1 
104, ي, 8 
104, ب, 2 
104, ل, 20 
104, ا, 21 
104, ت, 2 
104, ن, 5 
104, م, 15 
104, ك, 3 
104, ط, 3 
104, ئ, 1 
104, ؤ, 1 
104, ر, 2 
104, ى, 1 
104, و, 4 
104, ز, 2 
105, ص, 2 
105, ف, 6 
105, ع, 5 
105, ه, 5 
105, ح, 2 
105, ج, 4 
105, د, 1 
105, س, 2 
105, ي, 11 
105, ب, 6 
105, ل, 14 
105, ا, 11 
105, ت, 3 
105, ن, 1 
105, م, 9 
105, ك, 5 
105, ط, 1 
105, ر, 6 
105, و, 2 
105, ض, 1 
106, ذ, 2 
106, ص, 1 
106, ق, 1 
106, ف, 5 
106, ع, 3 
106, ه, 5 
106, خ, 1 
106, ح, 1 
106, ج, 1 
106, د, 1 
106, ش, 2 
106, ي, 7 
106, ب, 3 
106, ل, 9 
106, ا, 13 
106, ت, 2 
106, ن, 3 
106, م, 7 
106, ط, 1 
106, ء, 1 
106, ر, 3 
106, و, 5 
107, ذ, 6 
107, ص, 2 
107, ف, 2 
107, ع, 6 
107, ه, 4 
107, ح, 1 
107, د, 2 
107, س, 2 
107, ي, 16 
107, ب, 2 
107, ل, 16 
107, ا, 16 
107, ت, 3 
107, ن, 11 
107, م, 9 
107, ك, 3 
107, ط, 1 
107, ؤ, 1 
107, ر, 2 
107, ى, 1 
107, و, 7 
107, ض, 1 
108, ص, 1 
108, ث, 1 
108, ف, 1 
108, ع, 1 
108, ه, 1 
108, ح, 1 
108, ش, 1 
108, ي, 1 
108, ب, 2 
108, ل, 4 
108, ا, 10 
108, ت, 1 
108, ن, 5 
108, ك, 4 
108, ط, 1 
108, ئ, 1 
108, ر, 4 
108, و, 3 
109, ق, 1 
109, ف, 1 
109, ع, 8 
109, ه, 1 
109, د, 10 
109, ي, 5 
109, ب, 8 
109, ل, 8 
109, ا, 23 
109, ت, 4 
109, ن, 9 
109, م, 9 
109, ك, 3 
109, ر, 1 
109, و, 8 
110, ذ, 1 
110, ص, 1 
110, ف, 5 
110, غ, 1 
110, ه, 4 
110, خ, 1 
110, ح, 3 
110, ج, 2 
110, د, 3 
110, س, 3 
110, ي, 4 
110, ب, 4 
110, ل, 7 
110, ا, 17 
110, ت, 4 
110, ن, 6 
110, م, 1 
110, ك, 2 
110, ء, 1 
110, ر, 4 
110, و, 6 
111, ذ, 1 
111, ص, 1 
111, ف, 1 
111, غ, 1 
111, ع, 1 
111, ه, 7 
111, ح, 3 
111, ج, 1 
111, د, 3 
111, س, 3 
111, ي, 5 
111, ب, 8 
111, ل, 7 
111, ا, 14 
111, ت, 5 
111, ن, 4 
111, م, 7 
111, ك, 1 
111, ط, 1 
111, ر, 2 
111, ى, 2 
111, و, 3 
112, ص, 1 
112, ق, 1 
112, ف, 1 
112, ه, 4 
112, ح, 2 
112, د, 5 
112, ي, 3 
112, ل, 12 
112, ا, 6 
112, ن, 1 
112, م, 4 
112, ك, 2 
112, و, 5 
113, ذ, 3 
113, ث, 1 
113, ق, 6 
113, ف, 3 
113, غ, 1 
113, ع, 2 
113, خ, 1 
113, ح, 2 
113, د, 3 
113, ش, 4 
113, س, 3 
113, ي, 1 
113, ب, 3 
113, ل, 6 
113, ا, 13 
113, ت, 1 
113, ن, 5 
113, م, 5 
113, ر, 5 
113, و, 5 
114, ذ, 2 
114, ص, 1 
114, ق, 1 
114, ف, 1 
114, ع, 1 
114, ه, 2 
114, خ, 1 
114, ج, 1 
114, د, 1 
114, ش, 1 
114, س, 10 
114, ي, 3 
114, ب, 2 
114, ل, 12 
114, ا, 18 
114, ن, 9 
114, م, 3 
114, ك, 1 
114, ر, 3 
114, و, 7 
